spec,race,trinket_pair,has_dst,dps,dst_uptime_pct,wowhead_gear_url
Arms Warrior,Human,Dragonspine Trophy (28830) + Bloodlust Brooch (29383),true,1504.25,24.33,https://www.wowhead.com/tbc/guide/arms-warrior-dps-bt-hyjal-phase-3-best-in-slot-gear-burning-crusade
Arms Warrior,Human,Dragonspine Trophy (28830) + Empty Mug of Direbrew (38287),true,1504.25,24.33,https://www.wowhead.com/tbc/guide/arms-warrior-dps-bt-hyjal-phase-3-best-in-slot-gear-burning-crusade
Arms Warrior,Human,Dragonspine Trophy (28830) + Abacus of Violent Odds (28288),true,1501.86,24.43,https://www.wowhead.com/tbc/guide/arms-warrior-dps-bt-hyjal-phase-3-best-in-slot-gear-burning-crusade
Arms Warrior,Human,Dragonspine Trophy (28830) + Madness of the Betrayer (32505),true,1500.71,24.31,https://www.wowhead.com/tbc/guide/arms-warrior-dps-bt-hyjal-phase-3-best-in-slot-gear-burning-crusade
Arms Warrior,Human,Dragonspine Trophy (28830) + Tsunami Talisman (30627),true,1498.59,24.34,https://www.wowhead.com/tbc/guide/arms-warrior-dps-bt-hyjal-phase-3-best-in-slot-gear-burning-crusade
Arms Warrior,Human,Dragonspine Trophy (28830) + Hourglass of the Unraveller (28034),true,1493.64,24.31,https://www.wowhead.com/tbc/guide/arms-warrior-dps-bt-hyjal-phase-3-best-in-slot-gear-burning-crusade
Arms Warrior,Human,Dragonspine Trophy (28830) + Solarian's Sapphire (30446),true,1491.11,24.33,https://www.wowhead.com/tbc/guide/arms-warrior-dps-bt-hyjal-phase-3-best-in-slot-gear-burning-crusade
Arms Warrior,Human,Dragonspine Trophy (28830) + Ashtongue Talisman of Valor (32485),true,1476.41,24.31,https://www.wowhead.com/tbc/guide/arms-warrior-dps-bt-hyjal-phase-3-best-in-slot-gear-burning-crusade
Arms Warrior,Human,Abacus of Violent Odds (28288) + Empty Mug of Direbrew (38287),false,1476.32,0.00,https://www.wowhead.com/tbc/guide/arms-warrior-dps-bt-hyjal-phase-3-best-in-slot-gear-burning-crusade
Arms Warrior,Human,Bloodlust Brooch (29383) + Empty Mug of Direbrew (38287),false,1475.32,0.00,https://www.wowhead.com/tbc/guide/arms-warrior-dps-bt-hyjal-phase-3-best-in-slot-gear-burning-crusade
Arms Warrior,Human,Bloodlust Brooch (29383) + Abacus of Violent Odds (28288),false,1472.87,0.00,https://www.wowhead.com/tbc/guide/arms-warrior-dps-bt-hyjal-phase-3-best-in-slot-gear-burning-crusade
Arms Warrior,Human,Madness of the Betrayer (32505) + Abacus of Violent Odds (28288),false,1472.01,0.00,https://www.wowhead.com/tbc/guide/arms-warrior-dps-bt-hyjal-phase-3-best-in-slot-gear-burning-crusade
Arms Warrior,Human,Madness of the Betrayer (32505) + Bloodlust Brooch (29383),false,1470.96,0.00,https://www.wowhead.com/tbc/guide/arms-warrior-dps-bt-hyjal-phase-3-best-in-slot-gear-burning-crusade
Arms Warrior,Human,Madness of the Betrayer (32505) + Empty Mug of Direbrew (38287),false,1470.96,0.00,https://www.wowhead.com/tbc/guide/arms-warrior-dps-bt-hyjal-phase-3-best-in-slot-gear-burning-crusade
Arms Warrior,Human,Tsunami Talisman (30627) + Bloodlust Brooch (29383),false,1470.79,0.00,https://www.wowhead.com/tbc/guide/arms-warrior-dps-bt-hyjal-phase-3-best-in-slot-gear-burning-crusade
Arms Warrior,Human,Tsunami Talisman (30627) + Empty Mug of Direbrew (38287),false,1470.79,0.00,https://www.wowhead.com/tbc/guide/arms-warrior-dps-bt-hyjal-phase-3-best-in-slot-gear-burning-crusade
Arms Warrior,Human,Tsunami Talisman (30627) + Abacus of Violent Odds (28288),false,1469.18,0.00,https://www.wowhead.com/tbc/guide/arms-warrior-dps-bt-hyjal-phase-3-best-in-slot-gear-burning-crusade
Arms Warrior,Human,Madness of the Betrayer (32505) + Tsunami Talisman (30627),false,1466.67,0.00,https://www.wowhead.com/tbc/guide/arms-warrior-dps-bt-hyjal-phase-3-best-in-slot-gear-burning-crusade
Arms Warrior,Human,Bloodlust Brooch (29383) + Hourglass of the Unraveller (28034),false,1466.14,0.00,https://www.wowhead.com/tbc/guide/arms-warrior-dps-bt-hyjal-phase-3-best-in-slot-gear-burning-crusade
Arms Warrior,Human,Hourglass of the Unraveller (28034) + Empty Mug of Direbrew (38287),false,1466.14,0.00,https://www.wowhead.com/tbc/guide/arms-warrior-dps-bt-hyjal-phase-3-best-in-slot-gear-burning-crusade
Arms Warrior,Human,Abacus of Violent Odds (28288) + Hourglass of the Unraveller (28034),false,1463.47,0.00,https://www.wowhead.com/tbc/guide/arms-warrior-dps-bt-hyjal-phase-3-best-in-slot-gear-burning-crusade
Arms Warrior,Human,Bloodlust Brooch (29383) + Solarian's Sapphire (30446),false,1462.89,0.00,https://www.wowhead.com/tbc/guide/arms-warrior-dps-bt-hyjal-phase-3-best-in-slot-gear-burning-crusade
Arms Warrior,Human,Solarian's Sapphire (30446) + Empty Mug of Direbrew (38287),false,1462.89,0.00,https://www.wowhead.com/tbc/guide/arms-warrior-dps-bt-hyjal-phase-3-best-in-slot-gear-burning-crusade
Arms Warrior,Human,Abacus of Violent Odds (28288) + Solarian's Sapphire (30446),false,1462.56,0.00,https://www.wowhead.com/tbc/guide/arms-warrior-dps-bt-hyjal-phase-3-best-in-slot-gear-burning-crusade
Arms Warrior,Human,Madness of the Betrayer (32505) + Hourglass of the Unraveller (28034),false,1461.51,0.00,https://www.wowhead.com/tbc/guide/arms-warrior-dps-bt-hyjal-phase-3-best-in-slot-gear-burning-crusade
Arms Warrior,Human,Tsunami Talisman (30627) + Hourglass of the Unraveller (28034),false,1460.11,0.00,https://www.wowhead.com/tbc/guide/arms-warrior-dps-bt-hyjal-phase-3-best-in-slot-gear-burning-crusade
Arms Warrior,Human,Madness of the Betrayer (32505) + Solarian's Sapphire (30446),false,1459.82,0.00,https://www.wowhead.com/tbc/guide/arms-warrior-dps-bt-hyjal-phase-3-best-in-slot-gear-burning-crusade
Arms Warrior,Human,Tsunami Talisman (30627) + Solarian's Sapphire (30446),false,1456.96,0.00,https://www.wowhead.com/tbc/guide/arms-warrior-dps-bt-hyjal-phase-3-best-in-slot-gear-burning-crusade
Arms Warrior,Human,Hourglass of the Unraveller (28034) + Solarian's Sapphire (30446),false,1452.91,0.00,https://www.wowhead.com/tbc/guide/arms-warrior-dps-bt-hyjal-phase-3-best-in-slot-gear-burning-crusade
Arms Warrior,Human,Bloodlust Brooch (29383) + Ashtongue Talisman of Valor (32485),false,1449.57,0.00,https://www.wowhead.com/tbc/guide/arms-warrior-dps-bt-hyjal-phase-3-best-in-slot-gear-burning-crusade
Arms Warrior,Human,Empty Mug of Direbrew (38287) + Ashtongue Talisman of Valor (32485),false,1449.57,0.00,https://www.wowhead.com/tbc/guide/arms-warrior-dps-bt-hyjal-phase-3-best-in-slot-gear-burning-crusade
Arms Warrior,Human,Abacus of Violent Odds (28288) + Ashtongue Talisman of Valor (32485),false,1448.64,0.00,https://www.wowhead.com/tbc/guide/arms-warrior-dps-bt-hyjal-phase-3-best-in-slot-gear-burning-crusade
Arms Warrior,Human,Madness of the Betrayer (32505) + Ashtongue Talisman of Valor (32485),false,1446.68,0.00,https://www.wowhead.com/tbc/guide/arms-warrior-dps-bt-hyjal-phase-3-best-in-slot-gear-burning-crusade
Arms Warrior,Human,Tsunami Talisman (30627) + Ashtongue Talisman of Valor (32485),false,1443.62,0.00,https://www.wowhead.com/tbc/guide/arms-warrior-dps-bt-hyjal-phase-3-best-in-slot-gear-burning-crusade
Arms Warrior,Human,Hourglass of the Unraveller (28034) + Ashtongue Talisman of Valor (32485),false,1438.80,0.00,https://www.wowhead.com/tbc/guide/arms-warrior-dps-bt-hyjal-phase-3-best-in-slot-gear-burning-crusade
Arms Warrior,Human,Solarian's Sapphire (30446) + Ashtongue Talisman of Valor (32485),false,1436.97,0.00,https://www.wowhead.com/tbc/guide/arms-warrior-dps-bt-hyjal-phase-3-best-in-slot-gear-burning-crusade
BM Hunter,Night Elf,Dragonspine Trophy (28830) + Bloodlust Brooch (29383),true,2110.25,26.58,https://www.wowhead.com/tbc/guide/beast-mastery-hunter-dps-bt-hyjal-phase-3-best-in-slot-gear-burning-crusade
BM Hunter,Night Elf,Dragonspine Trophy (28830) + Tsunami Talisman (30627),true,2103.42,26.57,https://www.wowhead.com/tbc/guide/beast-mastery-hunter-dps-bt-hyjal-phase-3-best-in-slot-gear-burning-crusade
BM Hunter,Night Elf,Dragonspine Trophy (28830) + Ashtongue Talisman of Swiftness (32487),true,2102.26,26.58,https://www.wowhead.com/tbc/guide/beast-mastery-hunter-dps-bt-hyjal-phase-3-best-in-slot-gear-burning-crusade
BM Hunter,Night Elf,Dragonspine Trophy (28830) + Madness of the Betrayer (32505),true,2102.12,26.58,https://www.wowhead.com/tbc/guide/beast-mastery-hunter-dps-bt-hyjal-phase-3-best-in-slot-gear-burning-crusade
BM Hunter,Night Elf,Dragonspine Trophy (28830) + Hourglass of the Unraveller (28034),true,2096.92,26.56,https://www.wowhead.com/tbc/guide/beast-mastery-hunter-dps-bt-hyjal-phase-3-best-in-slot-gear-burning-crusade
BM Hunter,Night Elf,Dragonspine Trophy (28830) + Abacus of Violent Odds (28288),true,2095.28,26.65,https://www.wowhead.com/tbc/guide/beast-mastery-hunter-dps-bt-hyjal-phase-3-best-in-slot-gear-burning-crusade
BM Hunter,Night Elf,Dragonspine Trophy (28830) + Badge of the Swarmguard (21670),true,2086.18,26.58,https://www.wowhead.com/tbc/guide/beast-mastery-hunter-dps-bt-hyjal-phase-3-best-in-slot-gear-burning-crusade
BM Hunter,Night Elf,Bloodlust Brooch (29383) + Tsunami Talisman (30627),false,2085.41,0.00,https://www.wowhead.com/tbc/guide/beast-mastery-hunter-dps-bt-hyjal-phase-3-best-in-slot-gear-burning-crusade
BM Hunter,Night Elf,Bloodlust Brooch (29383) + Ashtongue Talisman of Swiftness (32487),false,2084.23,0.00,https://www.wowhead.com/tbc/guide/beast-mastery-hunter-dps-bt-hyjal-phase-3-best-in-slot-gear-burning-crusade
BM Hunter,Night Elf,Madness of the Betrayer (32505) + Bloodlust Brooch (29383),false,2083.62,0.00,https://www.wowhead.com/tbc/guide/beast-mastery-hunter-dps-bt-hyjal-phase-3-best-in-slot-gear-burning-crusade
BM Hunter,Night Elf,Bloodlust Brooch (29383) + Abacus of Violent Odds (28288),false,2082.84,0.00,https://www.wowhead.com/tbc/guide/beast-mastery-hunter-dps-bt-hyjal-phase-3-best-in-slot-gear-burning-crusade
BM Hunter,Night Elf,Bloodlust Brooch (29383) + Hourglass of the Unraveller (28034),false,2078.58,0.00,https://www.wowhead.com/tbc/guide/beast-mastery-hunter-dps-bt-hyjal-phase-3-best-in-slot-gear-burning-crusade
BM Hunter,Night Elf,Ashtongue Talisman of Swiftness (32487) + Tsunami Talisman (30627),false,2077.89,0.00,https://www.wowhead.com/tbc/guide/beast-mastery-hunter-dps-bt-hyjal-phase-3-best-in-slot-gear-burning-crusade
BM Hunter,Night Elf,Madness of the Betrayer (32505) + Tsunami Talisman (30627),false,2077.07,0.00,https://www.wowhead.com/tbc/guide/beast-mastery-hunter-dps-bt-hyjal-phase-3-best-in-slot-gear-burning-crusade
BM Hunter,Night Elf,Madness of the Betrayer (32505) + Ashtongue Talisman of Swiftness (32487),false,2076.05,0.00,https://www.wowhead.com/tbc/guide/beast-mastery-hunter-dps-bt-hyjal-phase-3-best-in-slot-gear-burning-crusade
BM Hunter,Night Elf,Tsunami Talisman (30627) + Abacus of Violent Odds (28288),false,2074.22,0.00,https://www.wowhead.com/tbc/guide/beast-mastery-hunter-dps-bt-hyjal-phase-3-best-in-slot-gear-burning-crusade
BM Hunter,Night Elf,Ashtongue Talisman of Swiftness (32487) + Abacus of Violent Odds (28288),false,2073.36,0.00,https://www.wowhead.com/tbc/guide/beast-mastery-hunter-dps-bt-hyjal-phase-3-best-in-slot-gear-burning-crusade
BM Hunter,Night Elf,Tsunami Talisman (30627) + Hourglass of the Unraveller (28034),false,2073.24,0.00,https://www.wowhead.com/tbc/guide/beast-mastery-hunter-dps-bt-hyjal-phase-3-best-in-slot-gear-burning-crusade
BM Hunter,Night Elf,Madness of the Betrayer (32505) + Abacus of Violent Odds (28288),false,2072.71,0.00,https://www.wowhead.com/tbc/guide/beast-mastery-hunter-dps-bt-hyjal-phase-3-best-in-slot-gear-burning-crusade
BM Hunter,Night Elf,Ashtongue Talisman of Swiftness (32487) + Hourglass of the Unraveller (28034),false,2071.08,0.00,https://www.wowhead.com/tbc/guide/beast-mastery-hunter-dps-bt-hyjal-phase-3-best-in-slot-gear-burning-crusade
BM Hunter,Night Elf,Madness of the Betrayer (32505) + Hourglass of the Unraveller (28034),false,2070.21,0.00,https://www.wowhead.com/tbc/guide/beast-mastery-hunter-dps-bt-hyjal-phase-3-best-in-slot-gear-burning-crusade
BM Hunter,Night Elf,Bloodlust Brooch (29383) + Badge of the Swarmguard (21670),false,2068.69,0.00,https://www.wowhead.com/tbc/guide/beast-mastery-hunter-dps-bt-hyjal-phase-3-best-in-slot-gear-burning-crusade
BM Hunter,Night Elf,Abacus of Violent Odds (28288) + Hourglass of the Unraveller (28034),false,2067.64,0.00,https://www.wowhead.com/tbc/guide/beast-mastery-hunter-dps-bt-hyjal-phase-3-best-in-slot-gear-burning-crusade
BM Hunter,Night Elf,Tsunami Talisman (30627) + Badge of the Swarmguard (21670),false,2061.74,0.00,https://www.wowhead.com/tbc/guide/beast-mastery-hunter-dps-bt-hyjal-phase-3-best-in-slot-gear-burning-crusade
BM Hunter,Night Elf,Ashtongue Talisman of Swiftness (32487) + Badge of the Swarmguard (21670),false,2060.89,0.00,https://www.wowhead.com/tbc/guide/beast-mastery-hunter-dps-bt-hyjal-phase-3-best-in-slot-gear-burning-crusade
BM Hunter,Night Elf,Madness of the Betrayer (32505) + Badge of the Swarmguard (21670),false,2060.24,0.00,https://www.wowhead.com/tbc/guide/beast-mastery-hunter-dps-bt-hyjal-phase-3-best-in-slot-gear-burning-crusade
BM Hunter,Night Elf,Abacus of Violent Odds (28288) + Badge of the Swarmguard (21670),false,2057.81,0.00,https://www.wowhead.com/tbc/guide/beast-mastery-hunter-dps-bt-hyjal-phase-3-best-in-slot-gear-burning-crusade
BM Hunter,Night Elf,Hourglass of the Unraveller (28034) + Badge of the Swarmguard (21670),false,2054.88,0.00,https://www.wowhead.com/tbc/guide/beast-mastery-hunter-dps-bt-hyjal-phase-3-best-in-slot-gear-burning-crusade
Combat Rogue,Human,Dragonspine Trophy (28830) + Warp-Spring Coil (30450),true,2220.64,29.97,https://www.wowhead.com/tbc/guide/rogue-dps-bt-hyjal-phase-3-best-in-slot-gear-burning-crusade
Combat Rogue,Human,Dragonspine Trophy (28830) + Madness of the Betrayer (32505),true,2219.32,29.95,https://www.wowhead.com/tbc/guide/rogue-dps-bt-hyjal-phase-3-best-in-slot-gear-burning-crusade
Combat Rogue,Human,Dragonspine Trophy (28830) + Ashtongue Talisman of Lethality (32492),true,2217.40,29.76,https://www.wowhead.com/tbc/guide/rogue-dps-bt-hyjal-phase-3-best-in-slot-gear-burning-crusade
Combat Rogue,Human,Dragonspine Trophy (28830) + Tsunami Talisman (30627),true,2203.82,29.80,https://www.wowhead.com/tbc/guide/rogue-dps-bt-hyjal-phase-3-best-in-slot-gear-burning-crusade
Combat Rogue,Human,Dragonspine Trophy (28830) + Bloodlust Brooch (29383),true,2198.21,29.76,https://www.wowhead.com/tbc/guide/rogue-dps-bt-hyjal-phase-3-best-in-slot-gear-burning-crusade
Combat Rogue,Human,Dragonspine Trophy (28830) + Kiss of the Spider (22954),true,2196.27,29.96,https://www.wowhead.com/tbc/guide/rogue-dps-bt-hyjal-phase-3-best-in-slot-gear-burning-crusade
Combat Rogue,Human,Dragonspine Trophy (28830) + Abacus of Violent Odds (28288),true,2196.15,29.84,https://www.wowhead.com/tbc/guide/rogue-dps-bt-hyjal-phase-3-best-in-slot-gear-burning-crusade
Combat Rogue,Human,Dragonspine Trophy (28830) + Hourglass of the Unraveller (28034),true,2183.16,29.76,https://www.wowhead.com/tbc/guide/rogue-dps-bt-hyjal-phase-3-best-in-slot-gear-burning-crusade
Combat Rogue,Human,Warp-Spring Coil (30450) + Madness of the Betrayer (32505),false,2183.11,0.00,https://www.wowhead.com/tbc/guide/rogue-dps-bt-hyjal-phase-3-best-in-slot-gear-burning-crusade
Combat Rogue,Human,Madness of the Betrayer (32505) + Ashtongue Talisman of Lethality (32492),false,2180.75,0.00,https://www.wowhead.com/tbc/guide/rogue-dps-bt-hyjal-phase-3-best-in-slot-gear-burning-crusade
Combat Rogue,Human,Warp-Spring Coil (30450) + Ashtongue Talisman of Lethality (32492),false,2180.12,0.00,https://www.wowhead.com/tbc/guide/rogue-dps-bt-hyjal-phase-3-best-in-slot-gear-burning-crusade
Combat Rogue,Human,Warp-Spring Coil (30450) + Tsunami Talisman (30627),false,2168.18,0.00,https://www.wowhead.com/tbc/guide/rogue-dps-bt-hyjal-phase-3-best-in-slot-gear-burning-crusade
Combat Rogue,Human,Madness of the Betrayer (32505) + Tsunami Talisman (30627),false,2167.06,0.00,https://www.wowhead.com/tbc/guide/rogue-dps-bt-hyjal-phase-3-best-in-slot-gear-burning-crusade
Combat Rogue,Human,Ashtongue Talisman of Lethality (32492) + Tsunami Talisman (30627),false,2164.70,0.00,https://www.wowhead.com/tbc/guide/rogue-dps-bt-hyjal-phase-3-best-in-slot-gear-burning-crusade
Combat Rogue,Human,Warp-Spring Coil (30450) + Bloodlust Brooch (29383),false,2162.66,0.00,https://www.wowhead.com/tbc/guide/rogue-dps-bt-hyjal-phase-3-best-in-slot-gear-burning-crusade
Combat Rogue,Human,Madness of the Betrayer (32505) + Bloodlust Brooch (29383),false,2162.42,0.00,https://www.wowhead.com/tbc/guide/rogue-dps-bt-hyjal-phase-3-best-in-slot-gear-burning-crusade
Combat Rogue,Human,Ashtongue Talisman of Lethality (32492) + Bloodlust Brooch (29383),false,2162.15,0.00,https://www.wowhead.com/tbc/guide/rogue-dps-bt-hyjal-phase-3-best-in-slot-gear-burning-crusade
Combat Rogue,Human,Warp-Spring Coil (30450) + Abacus of Violent Odds (28288),false,2161.54,0.00,https://www.wowhead.com/tbc/guide/rogue-dps-bt-hyjal-phase-3-best-in-slot-gear-burning-crusade
Combat Rogue,Human,Madness of the Betrayer (32505) + Abacus of Violent Odds (28288),false,2160.10,0.00,https://www.wowhead.com/tbc/guide/rogue-dps-bt-hyjal-phase-3-best-in-slot-gear-burning-crusade
Combat Rogue,Human,Madness of the Betrayer (32505) + Kiss of the Spider (22954),false,2160.08,0.00,https://www.wowhead.com/tbc/guide/rogue-dps-bt-hyjal-phase-3-best-in-slot-gear-burning-crusade
Combat Rogue,Human,Warp-Spring Coil (30450) + Kiss of the Spider (22954),false,2159.66,0.00,https://www.wowhead.com/tbc/guide/rogue-dps-bt-hyjal-phase-3-best-in-slot-gear-burning-crusade
Combat Rogue,Human,Ashtongue Talisman of Lethality (32492) + Abacus of Violent Odds (28288),false,2158.35,0.00,https://www.wowhead.com/tbc/guide/rogue-dps-bt-hyjal-phase-3-best-in-slot-gear-burning-crusade
Combat Rogue,Human,Ashtongue Talisman of Lethality (32492) + Kiss of the Spider (22954),false,2158.16,0.00,https://www.wowhead.com/tbc/guide/rogue-dps-bt-hyjal-phase-3-best-in-slot-gear-burning-crusade
Combat Rogue,Human,Madness of the Betrayer (32505) + Hourglass of the Unraveller (28034),false,2147.78,0.00,https://www.wowhead.com/tbc/guide/rogue-dps-bt-hyjal-phase-3-best-in-slot-gear-burning-crusade
Combat Rogue,Human,Warp-Spring Coil (30450) + Hourglass of the Unraveller (28034),false,2147.60,0.00,https://www.wowhead.com/tbc/guide/rogue-dps-bt-hyjal-phase-3-best-in-slot-gear-burning-crusade
Combat Rogue,Human,Bloodlust Brooch (29383) + Tsunami Talisman (30627),false,2147.14,0.00,https://www.wowhead.com/tbc/guide/rogue-dps-bt-hyjal-phase-3-best-in-slot-gear-burning-crusade
Combat Rogue,Human,Ashtongue Talisman of Lethality (32492) + Hourglass of the Unraveller (28034),false,2146.06,0.00,https://www.wowhead.com/tbc/guide/rogue-dps-bt-hyjal-phase-3-best-in-slot-gear-burning-crusade
Combat Rogue,Human,Tsunami Talisman (30627) + Kiss of the Spider (22954),false,2145.67,0.00,https://www.wowhead.com/tbc/guide/rogue-dps-bt-hyjal-phase-3-best-in-slot-gear-burning-crusade
Combat Rogue,Human,Tsunami Talisman (30627) + Abacus of Violent Odds (28288),false,2145.62,0.00,https://www.wowhead.com/tbc/guide/rogue-dps-bt-hyjal-phase-3-best-in-slot-gear-burning-crusade
Combat Rogue,Human,Abacus of Violent Odds (28288) + Kiss of the Spider (22954),false,2135.71,0.00,https://www.wowhead.com/tbc/guide/rogue-dps-bt-hyjal-phase-3-best-in-slot-gear-burning-crusade
Combat Rogue,Human,Bloodlust Brooch (29383) + Abacus of Violent Odds (28288),false,2135.10,0.00,https://www.wowhead.com/tbc/guide/rogue-dps-bt-hyjal-phase-3-best-in-slot-gear-burning-crusade
Combat Rogue,Human,Bloodlust Brooch (29383) + Kiss of the Spider (22954),false,2134.38,0.00,https://www.wowhead.com/tbc/guide/rogue-dps-bt-hyjal-phase-3-best-in-slot-gear-burning-crusade
Combat Rogue,Human,Tsunami Talisman (30627) + Hourglass of the Unraveller (28034),false,2132.56,0.00,https://www.wowhead.com/tbc/guide/rogue-dps-bt-hyjal-phase-3-best-in-slot-gear-burning-crusade
Combat Rogue,Human,Bloodlust Brooch (29383) + Hourglass of the Unraveller (28034),false,2129.07,0.00,https://www.wowhead.com/tbc/guide/rogue-dps-bt-hyjal-phase-3-best-in-slot-gear-burning-crusade
Combat Rogue,Human,Hourglass of the Unraveller (28034) + Kiss of the Spider (22954),false,2126.18,0.00,https://www.wowhead.com/tbc/guide/rogue-dps-bt-hyjal-phase-3-best-in-slot-gear-burning-crusade
Combat Rogue,Human,Abacus of Violent Odds (28288) + Hourglass of the Unraveller (28034),false,2125.69,0.00,https://www.wowhead.com/tbc/guide/rogue-dps-bt-hyjal-phase-3-best-in-slot-gear-burning-crusade
Enhancement Shaman,Alliance Shaman no-hit proxy,Dragonspine Trophy (28830) + Madness of the Betrayer (32505),true,2180.47,26.01,https://www.wowhead.com/tbc/guide/enhancement-shaman-dps-bt-hyjal-phase-3-best-in-slot-gear-burning-crusade
Enhancement Shaman,Alliance Shaman no-hit proxy,Dragonspine Trophy (28830) + Tsunami Talisman (30627),true,2174.58,25.95,https://www.wowhead.com/tbc/guide/enhancement-shaman-dps-bt-hyjal-phase-3-best-in-slot-gear-burning-crusade
Enhancement Shaman,Alliance Shaman no-hit proxy,Dragonspine Trophy (28830) + Ashtongue Talisman of Vision (32491),true,2172.80,25.88,https://www.wowhead.com/tbc/guide/enhancement-shaman-dps-bt-hyjal-phase-3-best-in-slot-gear-burning-crusade
Enhancement Shaman,Alliance Shaman no-hit proxy,Dragonspine Trophy (28830) + Bloodlust Brooch (29383),true,2170.87,25.83,https://www.wowhead.com/tbc/guide/enhancement-shaman-dps-bt-hyjal-phase-3-best-in-slot-gear-burning-crusade
Enhancement Shaman,Alliance Shaman no-hit proxy,Dragonspine Trophy (28830) + Empty Mug of Direbrew (38287),true,2170.87,25.83,https://www.wowhead.com/tbc/guide/enhancement-shaman-dps-bt-hyjal-phase-3-best-in-slot-gear-burning-crusade
Enhancement Shaman,Alliance Shaman no-hit proxy,Dragonspine Trophy (28830) + Abacus of Violent Odds (28288),true,2161.55,26.00,https://www.wowhead.com/tbc/guide/enhancement-shaman-dps-bt-hyjal-phase-3-best-in-slot-gear-burning-crusade
Enhancement Shaman,Alliance Shaman no-hit proxy,Dragonspine Trophy (28830) + Hourglass of the Unraveller (28034),true,2156.16,25.87,https://www.wowhead.com/tbc/guide/enhancement-shaman-dps-bt-hyjal-phase-3-best-in-slot-gear-burning-crusade
Enhancement Shaman,Alliance Shaman no-hit proxy,Madness of the Betrayer (32505) + Ashtongue Talisman of Vision (32491),false,2151.88,0.00,https://www.wowhead.com/tbc/guide/enhancement-shaman-dps-bt-hyjal-phase-3-best-in-slot-gear-burning-crusade
Enhancement Shaman,Alliance Shaman no-hit proxy,Madness of the Betrayer (32505) + Tsunami Talisman (30627),false,2150.89,0.00,https://www.wowhead.com/tbc/guide/enhancement-shaman-dps-bt-hyjal-phase-3-best-in-slot-gear-burning-crusade
Enhancement Shaman,Alliance Shaman no-hit proxy,Madness of the Betrayer (32505) + Bloodlust Brooch (29383),false,2150.72,0.00,https://www.wowhead.com/tbc/guide/enhancement-shaman-dps-bt-hyjal-phase-3-best-in-slot-gear-burning-crusade
Enhancement Shaman,Alliance Shaman no-hit proxy,Madness of the Betrayer (32505) + Empty Mug of Direbrew (38287),false,2150.72,0.00,https://www.wowhead.com/tbc/guide/enhancement-shaman-dps-bt-hyjal-phase-3-best-in-slot-gear-burning-crusade
Enhancement Shaman,Alliance Shaman no-hit proxy,Ashtongue Talisman of Vision (32491) + Tsunami Talisman (30627),false,2144.90,0.00,https://www.wowhead.com/tbc/guide/enhancement-shaman-dps-bt-hyjal-phase-3-best-in-slot-gear-burning-crusade
Enhancement Shaman,Alliance Shaman no-hit proxy,Madness of the Betrayer (32505) + Abacus of Violent Odds (28288),false,2144.46,0.00,https://www.wowhead.com/tbc/guide/enhancement-shaman-dps-bt-hyjal-phase-3-best-in-slot-gear-burning-crusade
Enhancement Shaman,Alliance Shaman no-hit proxy,Ashtongue Talisman of Vision (32491) + Bloodlust Brooch (29383),false,2143.30,0.00,https://www.wowhead.com/tbc/guide/enhancement-shaman-dps-bt-hyjal-phase-3-best-in-slot-gear-burning-crusade
Enhancement Shaman,Alliance Shaman no-hit proxy,Ashtongue Talisman of Vision (32491) + Empty Mug of Direbrew (38287),false,2143.30,0.00,https://www.wowhead.com/tbc/guide/enhancement-shaman-dps-bt-hyjal-phase-3-best-in-slot-gear-burning-crusade
Enhancement Shaman,Alliance Shaman no-hit proxy,Bloodlust Brooch (29383) + Tsunami Talisman (30627),false,2142.96,0.00,https://www.wowhead.com/tbc/guide/enhancement-shaman-dps-bt-hyjal-phase-3-best-in-slot-gear-burning-crusade
Enhancement Shaman,Alliance Shaman no-hit proxy,Tsunami Talisman (30627) + Empty Mug of Direbrew (38287),false,2142.96,0.00,https://www.wowhead.com/tbc/guide/enhancement-shaman-dps-bt-hyjal-phase-3-best-in-slot-gear-burning-crusade
Enhancement Shaman,Alliance Shaman no-hit proxy,Bloodlust Brooch (29383) + Empty Mug of Direbrew (38287),false,2141.10,0.00,https://www.wowhead.com/tbc/guide/enhancement-shaman-dps-bt-hyjal-phase-3-best-in-slot-gear-burning-crusade
Enhancement Shaman,Alliance Shaman no-hit proxy,Tsunami Talisman (30627) + Abacus of Violent Odds (28288),false,2137.03,0.00,https://www.wowhead.com/tbc/guide/enhancement-shaman-dps-bt-hyjal-phase-3-best-in-slot-gear-burning-crusade
Enhancement Shaman,Alliance Shaman no-hit proxy,Ashtongue Talisman of Vision (32491) + Abacus of Violent Odds (28288),false,2136.41,0.00,https://www.wowhead.com/tbc/guide/enhancement-shaman-dps-bt-hyjal-phase-3-best-in-slot-gear-burning-crusade
Enhancement Shaman,Alliance Shaman no-hit proxy,Madness of the Betrayer (32505) + Hourglass of the Unraveller (28034),false,2136.01,0.00,https://www.wowhead.com/tbc/guide/enhancement-shaman-dps-bt-hyjal-phase-3-best-in-slot-gear-burning-crusade
Enhancement Shaman,Alliance Shaman no-hit proxy,Abacus of Violent Odds (28288) + Empty Mug of Direbrew (38287),false,2135.22,0.00,https://www.wowhead.com/tbc/guide/enhancement-shaman-dps-bt-hyjal-phase-3-best-in-slot-gear-burning-crusade
Enhancement Shaman,Alliance Shaman no-hit proxy,Bloodlust Brooch (29383) + Abacus of Violent Odds (28288),false,2133.63,0.00,https://www.wowhead.com/tbc/guide/enhancement-shaman-dps-bt-hyjal-phase-3-best-in-slot-gear-burning-crusade
Enhancement Shaman,Alliance Shaman no-hit proxy,Ashtongue Talisman of Vision (32491) + Hourglass of the Unraveller (28034),false,2129.10,0.00,https://www.wowhead.com/tbc/guide/enhancement-shaman-dps-bt-hyjal-phase-3-best-in-slot-gear-burning-crusade
Enhancement Shaman,Alliance Shaman no-hit proxy,Tsunami Talisman (30627) + Hourglass of the Unraveller (28034),false,2127.61,0.00,https://www.wowhead.com/tbc/guide/enhancement-shaman-dps-bt-hyjal-phase-3-best-in-slot-gear-burning-crusade
Enhancement Shaman,Alliance Shaman no-hit proxy,Bloodlust Brooch (29383) + Hourglass of the Unraveller (28034),false,2126.57,0.00,https://www.wowhead.com/tbc/guide/enhancement-shaman-dps-bt-hyjal-phase-3-best-in-slot-gear-burning-crusade
Enhancement Shaman,Alliance Shaman no-hit proxy,Hourglass of the Unraveller (28034) + Empty Mug of Direbrew (38287),false,2126.57,0.00,https://www.wowhead.com/tbc/guide/enhancement-shaman-dps-bt-hyjal-phase-3-best-in-slot-gear-burning-crusade
Enhancement Shaman,Alliance Shaman no-hit proxy,Abacus of Violent Odds (28288) + Hourglass of the Unraveller (28034),false,2119.02,0.00,https://www.wowhead.com/tbc/guide/enhancement-shaman-dps-bt-hyjal-phase-3-best-in-slot-gear-burning-crusade
Feral Cat,Night Elf,Dragonspine Trophy (28830) + Tsunami Talisman (30627),true,2615.30,20.76,https://www.wowhead.com/tbc/guide/feral-druid-dps-bt-hyjal-phase-3-best-in-slot-gear-burning-crusade
Feral Cat,Night Elf,Dragonspine Trophy (28830) + Bloodlust Brooch (29383),true,2609.68,20.84,https://www.wowhead.com/tbc/guide/feral-druid-dps-bt-hyjal-phase-3-best-in-slot-gear-burning-crusade
Feral Cat,Night Elf,Dragonspine Trophy (28830) + Empty Mug of Direbrew (38287),true,2609.68,20.84,https://www.wowhead.com/tbc/guide/feral-druid-dps-bt-hyjal-phase-3-best-in-slot-gear-burning-crusade
Feral Cat,Night Elf,Tsunami Talisman (30627) + Bloodlust Brooch (29383),false,2608.59,0.00,https://www.wowhead.com/tbc/guide/feral-druid-dps-bt-hyjal-phase-3-best-in-slot-gear-burning-crusade
Feral Cat,Night Elf,Tsunami Talisman (30627) + Empty Mug of Direbrew (38287),false,2608.59,0.00,https://www.wowhead.com/tbc/guide/feral-druid-dps-bt-hyjal-phase-3-best-in-slot-gear-burning-crusade
Feral Cat,Night Elf,Dragonspine Trophy (28830) + Madness of the Betrayer (32505),true,2607.33,20.84,https://www.wowhead.com/tbc/guide/feral-druid-dps-bt-hyjal-phase-3-best-in-slot-gear-burning-crusade
Feral Cat,Night Elf,Dragonspine Trophy (28830) + Hourglass of the Unraveller (28034),true,2606.34,20.71,https://www.wowhead.com/tbc/guide/feral-druid-dps-bt-hyjal-phase-3-best-in-slot-gear-burning-crusade
Feral Cat,Night Elf,Madness of the Betrayer (32505) + Tsunami Talisman (30627),false,2606.02,0.00,https://www.wowhead.com/tbc/guide/feral-druid-dps-bt-hyjal-phase-3-best-in-slot-gear-burning-crusade
Feral Cat,Night Elf,Tsunami Talisman (30627) + Hourglass of the Unraveller (28034),false,2604.59,0.00,https://www.wowhead.com/tbc/guide/feral-druid-dps-bt-hyjal-phase-3-best-in-slot-gear-burning-crusade
Feral Cat,Night Elf,Bloodlust Brooch (29383) + Empty Mug of Direbrew (38287),false,2602.49,0.00,https://www.wowhead.com/tbc/guide/feral-druid-dps-bt-hyjal-phase-3-best-in-slot-gear-burning-crusade
Feral Cat,Night Elf,Madness of the Betrayer (32505) + Bloodlust Brooch (29383),false,2601.97,0.00,https://www.wowhead.com/tbc/guide/feral-druid-dps-bt-hyjal-phase-3-best-in-slot-gear-burning-crusade
Feral Cat,Night Elf,Madness of the Betrayer (32505) + Empty Mug of Direbrew (38287),false,2601.97,0.00,https://www.wowhead.com/tbc/guide/feral-druid-dps-bt-hyjal-phase-3-best-in-slot-gear-burning-crusade
Feral Cat,Night Elf,Dragonspine Trophy (28830) + Abacus of Violent Odds (28288),true,2600.85,20.88,https://www.wowhead.com/tbc/guide/feral-druid-dps-bt-hyjal-phase-3-best-in-slot-gear-burning-crusade
Feral Cat,Night Elf,Tsunami Talisman (30627) + Abacus of Violent Odds (28288),false,2600.85,0.00,https://www.wowhead.com/tbc/guide/feral-druid-dps-bt-hyjal-phase-3-best-in-slot-gear-burning-crusade
Feral Cat,Night Elf,Bloodlust Brooch (29383) + Hourglass of the Unraveller (28034),false,2600.06,0.00,https://www.wowhead.com/tbc/guide/feral-druid-dps-bt-hyjal-phase-3-best-in-slot-gear-burning-crusade
Feral Cat,Night Elf,Empty Mug of Direbrew (38287) + Hourglass of the Unraveller (28034),false,2600.06,0.00,https://www.wowhead.com/tbc/guide/feral-druid-dps-bt-hyjal-phase-3-best-in-slot-gear-burning-crusade
Feral Cat,Night Elf,Madness of the Betrayer (32505) + Hourglass of the Unraveller (28034),false,2597.37,0.00,https://www.wowhead.com/tbc/guide/feral-druid-dps-bt-hyjal-phase-3-best-in-slot-gear-burning-crusade
Feral Cat,Night Elf,Bloodlust Brooch (29383) + Abacus of Violent Odds (28288),false,2595.47,0.00,https://www.wowhead.com/tbc/guide/feral-druid-dps-bt-hyjal-phase-3-best-in-slot-gear-burning-crusade
Feral Cat,Night Elf,Empty Mug of Direbrew (38287) + Abacus of Violent Odds (28288),false,2595.47,0.00,https://www.wowhead.com/tbc/guide/feral-druid-dps-bt-hyjal-phase-3-best-in-slot-gear-burning-crusade
Feral Cat,Night Elf,Madness of the Betrayer (32505) + Abacus of Violent Odds (28288),false,2592.72,0.00,https://www.wowhead.com/tbc/guide/feral-druid-dps-bt-hyjal-phase-3-best-in-slot-gear-burning-crusade
Feral Cat,Night Elf,Abacus of Violent Odds (28288) + Hourglass of the Unraveller (28034),false,2591.49,0.00,https://www.wowhead.com/tbc/guide/feral-druid-dps-bt-hyjal-phase-3-best-in-slot-gear-burning-crusade
Feral Cat,Night Elf,Dragonspine Trophy (28830) + Mark of the Champion (23206),true,2562.56,20.84,https://www.wowhead.com/tbc/guide/feral-druid-dps-bt-hyjal-phase-3-best-in-slot-gear-burning-crusade
Feral Cat,Night Elf,Tsunami Talisman (30627) + Mark of the Champion (23206),false,2561.80,0.00,https://www.wowhead.com/tbc/guide/feral-druid-dps-bt-hyjal-phase-3-best-in-slot-gear-burning-crusade
Feral Cat,Night Elf,Bloodlust Brooch (29383) + Mark of the Champion (23206),false,2558.07,0.00,https://www.wowhead.com/tbc/guide/feral-druid-dps-bt-hyjal-phase-3-best-in-slot-gear-burning-crusade
Feral Cat,Night Elf,Empty Mug of Direbrew (38287) + Mark of the Champion (23206),false,2558.07,0.00,https://www.wowhead.com/tbc/guide/feral-druid-dps-bt-hyjal-phase-3-best-in-slot-gear-burning-crusade
Feral Cat,Night Elf,Madness of the Betrayer (32505) + Mark of the Champion (23206),false,2555.44,0.00,https://www.wowhead.com/tbc/guide/feral-druid-dps-bt-hyjal-phase-3-best-in-slot-gear-burning-crusade
Feral Cat,Night Elf,Hourglass of the Unraveller (28034) + Mark of the Champion (23206),false,2553.36,0.00,https://www.wowhead.com/tbc/guide/feral-druid-dps-bt-hyjal-phase-3-best-in-slot-gear-burning-crusade
Feral Cat,Night Elf,Abacus of Violent Odds (28288) + Mark of the Champion (23206),false,2548.55,0.00,https://www.wowhead.com/tbc/guide/feral-druid-dps-bt-hyjal-phase-3-best-in-slot-gear-burning-crusade
Fury Warrior,Human,Dragonspine Trophy (28830) + Madness of the Betrayer (32505),true,1704.06,28.43,https://www.wowhead.com/tbc/guide/fury-warrior-dps-bt-hyjal-phase-3-best-in-slot-gear-burning-crusade
Fury Warrior,Human,Dragonspine Trophy (28830) + Tsunami Talisman (30627),true,1701.65,28.44,https://www.wowhead.com/tbc/guide/fury-warrior-dps-bt-hyjal-phase-3-best-in-slot-gear-burning-crusade
Fury Warrior,Human,Dragonspine Trophy (28830) + Bloodlust Brooch (29383),true,1698.64,28.35,https://www.wowhead.com/tbc/guide/fury-warrior-dps-bt-hyjal-phase-3-best-in-slot-gear-burning-crusade
Fury Warrior,Human,Dragonspine Trophy (28830) + Empty Mug of Direbrew (38287),true,1698.64,28.35,https://www.wowhead.com/tbc/guide/fury-warrior-dps-bt-hyjal-phase-3-best-in-slot-gear-burning-crusade
Fury Warrior,Human,Dragonspine Trophy (28830) + Abacus of Violent Odds (28288),true,1695.99,28.48,https://www.wowhead.com/tbc/guide/fury-warrior-dps-bt-hyjal-phase-3-best-in-slot-gear-burning-crusade
Fury Warrior,Human,Dragonspine Trophy (28830) + Hourglass of the Unraveller (28034),true,1687.46,28.37,https://www.wowhead.com/tbc/guide/fury-warrior-dps-bt-hyjal-phase-3-best-in-slot-gear-burning-crusade
Fury Warrior,Human,Dragonspine Trophy (28830) + Solarian's Sapphire (30446),true,1680.45,28.36,https://www.wowhead.com/tbc/guide/fury-warrior-dps-bt-hyjal-phase-3-best-in-slot-gear-burning-crusade
Fury Warrior,Human,Madness of the Betrayer (32505) + Tsunami Talisman (30627),false,1666.91,0.00,https://www.wowhead.com/tbc/guide/fury-warrior-dps-bt-hyjal-phase-3-best-in-slot-gear-burning-crusade
Fury Warrior,Human,Madness of the Betrayer (32505) + Bloodlust Brooch (29383),false,1666.06,0.00,https://www.wowhead.com/tbc/guide/fury-warrior-dps-bt-hyjal-phase-3-best-in-slot-gear-burning-crusade
Fury Warrior,Human,Madness of the Betrayer (32505) + Empty Mug of Direbrew (38287),false,1666.06,0.00,https://www.wowhead.com/tbc/guide/fury-warrior-dps-bt-hyjal-phase-3-best-in-slot-gear-burning-crusade
Fury Warrior,Human,Madness of the Betrayer (32505) + Abacus of Violent Odds (28288),false,1663.83,0.00,https://www.wowhead.com/tbc/guide/fury-warrior-dps-bt-hyjal-phase-3-best-in-slot-gear-burning-crusade
Fury Warrior,Human,Tsunami Talisman (30627) + Bloodlust Brooch (29383),false,1663.65,0.00,https://www.wowhead.com/tbc/guide/fury-warrior-dps-bt-hyjal-phase-3-best-in-slot-gear-burning-crusade
Fury Warrior,Human,Tsunami Talisman (30627) + Empty Mug of Direbrew (38287),false,1663.65,0.00,https://www.wowhead.com/tbc/guide/fury-warrior-dps-bt-hyjal-phase-3-best-in-slot-gear-burning-crusade
Fury Warrior,Human,Dragonspine Trophy (28830) + Ashtongue Talisman of Valor (32485),true,1663.45,28.35,https://www.wowhead.com/tbc/guide/fury-warrior-dps-bt-hyjal-phase-3-best-in-slot-gear-burning-crusade
Fury Warrior,Human,Tsunami Talisman (30627) + Abacus of Violent Odds (28288),false,1660.73,0.00,https://www.wowhead.com/tbc/guide/fury-warrior-dps-bt-hyjal-phase-3-best-in-slot-gear-burning-crusade
Fury Warrior,Human,Bloodlust Brooch (29383) + Empty Mug of Direbrew (38287),false,1659.77,0.00,https://www.wowhead.com/tbc/guide/fury-warrior-dps-bt-hyjal-phase-3-best-in-slot-gear-burning-crusade
Fury Warrior,Human,Abacus of Violent Odds (28288) + Empty Mug of Direbrew (38287),false,1657.94,0.00,https://www.wowhead.com/tbc/guide/fury-warrior-dps-bt-hyjal-phase-3-best-in-slot-gear-burning-crusade
Fury Warrior,Human,Bloodlust Brooch (29383) + Abacus of Violent Odds (28288),false,1656.16,0.00,https://www.wowhead.com/tbc/guide/fury-warrior-dps-bt-hyjal-phase-3-best-in-slot-gear-burning-crusade
Fury Warrior,Human,Madness of the Betrayer (32505) + Hourglass of the Unraveller (28034),false,1654.42,0.00,https://www.wowhead.com/tbc/guide/fury-warrior-dps-bt-hyjal-phase-3-best-in-slot-gear-burning-crusade
Fury Warrior,Human,Bloodlust Brooch (29383) + Hourglass of the Unraveller (28034),false,1650.51,0.00,https://www.wowhead.com/tbc/guide/fury-warrior-dps-bt-hyjal-phase-3-best-in-slot-gear-burning-crusade
Fury Warrior,Human,Hourglass of the Unraveller (28034) + Empty Mug of Direbrew (38287),false,1650.51,0.00,https://www.wowhead.com/tbc/guide/fury-warrior-dps-bt-hyjal-phase-3-best-in-slot-gear-burning-crusade
Fury Warrior,Human,Abacus of Violent Odds (28288) + Hourglass of the Unraveller (28034),false,1649.58,0.00,https://www.wowhead.com/tbc/guide/fury-warrior-dps-bt-hyjal-phase-3-best-in-slot-gear-burning-crusade
Fury Warrior,Human,Tsunami Talisman (30627) + Hourglass of the Unraveller (28034),false,1649.47,0.00,https://www.wowhead.com/tbc/guide/fury-warrior-dps-bt-hyjal-phase-3-best-in-slot-gear-burning-crusade
Fury Warrior,Human,Madness of the Betrayer (32505) + Solarian's Sapphire (30446),false,1648.67,0.00,https://www.wowhead.com/tbc/guide/fury-warrior-dps-bt-hyjal-phase-3-best-in-slot-gear-burning-crusade
Fury Warrior,Human,Tsunami Talisman (30627) + Solarian's Sapphire (30446),false,1644.63,0.00,https://www.wowhead.com/tbc/guide/fury-warrior-dps-bt-hyjal-phase-3-best-in-slot-gear-burning-crusade
Fury Warrior,Human,Bloodlust Brooch (29383) + Solarian's Sapphire (30446),false,1643.42,0.00,https://www.wowhead.com/tbc/guide/fury-warrior-dps-bt-hyjal-phase-3-best-in-slot-gear-burning-crusade
Fury Warrior,Human,Solarian's Sapphire (30446) + Empty Mug of Direbrew (38287),false,1643.42,0.00,https://www.wowhead.com/tbc/guide/fury-warrior-dps-bt-hyjal-phase-3-best-in-slot-gear-burning-crusade
Fury Warrior,Human,Abacus of Violent Odds (28288) + Solarian's Sapphire (30446),false,1640.32,0.00,https://www.wowhead.com/tbc/guide/fury-warrior-dps-bt-hyjal-phase-3-best-in-slot-gear-burning-crusade
Fury Warrior,Human,Hourglass of the Unraveller (28034) + Solarian's Sapphire (30446),false,1633.15,0.00,https://www.wowhead.com/tbc/guide/fury-warrior-dps-bt-hyjal-phase-3-best-in-slot-gear-burning-crusade
Fury Warrior,Human,Madness of the Betrayer (32505) + Ashtongue Talisman of Valor (32485),false,1631.53,0.00,https://www.wowhead.com/tbc/guide/fury-warrior-dps-bt-hyjal-phase-3-best-in-slot-gear-burning-crusade
Fury Warrior,Human,Tsunami Talisman (30627) + Ashtongue Talisman of Valor (32485),false,1628.06,0.00,https://www.wowhead.com/tbc/guide/fury-warrior-dps-bt-hyjal-phase-3-best-in-slot-gear-burning-crusade
Fury Warrior,Human,Bloodlust Brooch (29383) + Ashtongue Talisman of Valor (32485),false,1626.67,0.00,https://www.wowhead.com/tbc/guide/fury-warrior-dps-bt-hyjal-phase-3-best-in-slot-gear-burning-crusade
Fury Warrior,Human,Empty Mug of Direbrew (38287) + Ashtongue Talisman of Valor (32485),false,1626.67,0.00,https://www.wowhead.com/tbc/guide/fury-warrior-dps-bt-hyjal-phase-3-best-in-slot-gear-burning-crusade
Fury Warrior,Human,Abacus of Violent Odds (28288) + Ashtongue Talisman of Valor (32485),false,1624.49,0.00,https://www.wowhead.com/tbc/guide/fury-warrior-dps-bt-hyjal-phase-3-best-in-slot-gear-burning-crusade
Fury Warrior,Human,Hourglass of the Unraveller (28034) + Ashtongue Talisman of Valor (32485),false,1614.62,0.00,https://www.wowhead.com/tbc/guide/fury-warrior-dps-bt-hyjal-phase-3-best-in-slot-gear-burning-crusade
Fury Warrior,Human,Solarian's Sapphire (30446) + Ashtongue Talisman of Valor (32485),false,1609.36,0.00,https://www.wowhead.com/tbc/guide/fury-warrior-dps-bt-hyjal-phase-3-best-in-slot-gear-burning-crusade
Retribution Paladin,Human,Dragonspine Trophy (28830) + Bloodlust Brooch (29383),true,2346.33,23.45,https://www.wowhead.com/tbc/guide/retribution-paladin-dps-bt-hyjal-phase-3-best-in-slot-gear-burning-crusade
Retribution Paladin,Human,Dragonspine Trophy (28830) + Empty Mug of Direbrew (38287),true,2346.33,23.45,https://www.wowhead.com/tbc/guide/retribution-paladin-dps-bt-hyjal-phase-3-best-in-slot-gear-burning-crusade
Retribution Paladin,Human,Dragonspine Trophy (28830) + Abacus of Violent Odds (28288),true,2337.20,23.58,https://www.wowhead.com/tbc/guide/retribution-paladin-dps-bt-hyjal-phase-3-best-in-slot-gear-burning-crusade
Retribution Paladin,Human,Dragonspine Trophy (28830) + Tsunami Talisman (30627),true,2333.97,23.45,https://www.wowhead.com/tbc/guide/retribution-paladin-dps-bt-hyjal-phase-3-best-in-slot-gear-burning-crusade
Retribution Paladin,Human,Dragonspine Trophy (28830) + Madness of the Betrayer (32505),true,2331.47,23.45,https://www.wowhead.com/tbc/guide/retribution-paladin-dps-bt-hyjal-phase-3-best-in-slot-gear-burning-crusade
Retribution Paladin,Human,Dragonspine Trophy (28830) + Hourglass of the Unraveller (28034),true,2326.16,23.45,https://www.wowhead.com/tbc/guide/retribution-paladin-dps-bt-hyjal-phase-3-best-in-slot-gear-burning-crusade
Retribution Paladin,Human,Dragonspine Trophy (28830) + Ashtongue Talisman of Zeal (32489),true,2315.22,23.46,https://www.wowhead.com/tbc/guide/retribution-paladin-dps-bt-hyjal-phase-3-best-in-slot-gear-burning-crusade
Retribution Paladin,Human,Bloodlust Brooch (29383) + Abacus of Violent Odds (28288),false,2296.50,0.00,https://www.wowhead.com/tbc/guide/retribution-paladin-dps-bt-hyjal-phase-3-best-in-slot-gear-burning-crusade
Retribution Paladin,Human,Abacus of Violent Odds (28288) + Empty Mug of Direbrew (38287),false,2294.32,0.00,https://www.wowhead.com/tbc/guide/retribution-paladin-dps-bt-hyjal-phase-3-best-in-slot-gear-burning-crusade
Retribution Paladin,Human,Bloodlust Brooch (29383) + Empty Mug of Direbrew (38287),false,2293.35,0.00,https://www.wowhead.com/tbc/guide/retribution-paladin-dps-bt-hyjal-phase-3-best-in-slot-gear-burning-crusade
Retribution Paladin,Human,Bloodlust Brooch (29383) + Tsunami Talisman (30627),false,2288.99,0.00,https://www.wowhead.com/tbc/guide/retribution-paladin-dps-bt-hyjal-phase-3-best-in-slot-gear-burning-crusade
Retribution Paladin,Human,Tsunami Talisman (30627) + Empty Mug of Direbrew (38287),false,2288.99,0.00,https://www.wowhead.com/tbc/guide/retribution-paladin-dps-bt-hyjal-phase-3-best-in-slot-gear-burning-crusade
Retribution Paladin,Human,Abacus of Violent Odds (28288) + Tsunami Talisman (30627),false,2287.03,0.00,https://www.wowhead.com/tbc/guide/retribution-paladin-dps-bt-hyjal-phase-3-best-in-slot-gear-burning-crusade
Retribution Paladin,Human,Bloodlust Brooch (29383) + Madness of the Betrayer (32505),false,2286.17,0.00,https://www.wowhead.com/tbc/guide/retribution-paladin-dps-bt-hyjal-phase-3-best-in-slot-gear-burning-crusade
Retribution Paladin,Human,Madness of the Betrayer (32505) + Empty Mug of Direbrew (38287),false,2286.17,0.00,https://www.wowhead.com/tbc/guide/retribution-paladin-dps-bt-hyjal-phase-3-best-in-slot-gear-burning-crusade
Retribution Paladin,Human,Dragonspine Trophy (28830) + Mark of the Champion (23206),true,2285.03,23.45,https://www.wowhead.com/tbc/guide/retribution-paladin-dps-bt-hyjal-phase-3-best-in-slot-gear-burning-crusade
Retribution Paladin,Human,Madness of the Betrayer (32505) + Abacus of Violent Odds (28288),false,2284.17,0.00,https://www.wowhead.com/tbc/guide/retribution-paladin-dps-bt-hyjal-phase-3-best-in-slot-gear-burning-crusade
Retribution Paladin,Human,Bloodlust Brooch (29383) + Hourglass of the Unraveller (28034),false,2281.31,0.00,https://www.wowhead.com/tbc/guide/retribution-paladin-dps-bt-hyjal-phase-3-best-in-slot-gear-burning-crusade
Retribution Paladin,Human,Empty Mug of Direbrew (38287) + Hourglass of the Unraveller (28034),false,2281.31,0.00,https://www.wowhead.com/tbc/guide/retribution-paladin-dps-bt-hyjal-phase-3-best-in-slot-gear-burning-crusade
Retribution Paladin,Human,Abacus of Violent Odds (28288) + Hourglass of the Unraveller (28034),false,2279.31,0.00,https://www.wowhead.com/tbc/guide/retribution-paladin-dps-bt-hyjal-phase-3-best-in-slot-gear-burning-crusade
Retribution Paladin,Human,Madness of the Betrayer (32505) + Tsunami Talisman (30627),false,2274.04,0.00,https://www.wowhead.com/tbc/guide/retribution-paladin-dps-bt-hyjal-phase-3-best-in-slot-gear-burning-crusade
Retribution Paladin,Human,Bloodlust Brooch (29383) + Ashtongue Talisman of Zeal (32489),false,2270.87,0.00,https://www.wowhead.com/tbc/guide/retribution-paladin-dps-bt-hyjal-phase-3-best-in-slot-gear-burning-crusade
Retribution Paladin,Human,Ashtongue Talisman of Zeal (32489) + Empty Mug of Direbrew (38287),false,2270.87,0.00,https://www.wowhead.com/tbc/guide/retribution-paladin-dps-bt-hyjal-phase-3-best-in-slot-gear-burning-crusade
Retribution Paladin,Human,Ashtongue Talisman of Zeal (32489) + Abacus of Violent Odds (28288),false,2270.03,0.00,https://www.wowhead.com/tbc/guide/retribution-paladin-dps-bt-hyjal-phase-3-best-in-slot-gear-burning-crusade
Retribution Paladin,Human,Tsunami Talisman (30627) + Hourglass of the Unraveller (28034),false,2268.98,0.00,https://www.wowhead.com/tbc/guide/retribution-paladin-dps-bt-hyjal-phase-3-best-in-slot-gear-burning-crusade
Retribution Paladin,Human,Madness of the Betrayer (32505) + Hourglass of the Unraveller (28034),false,2266.37,0.00,https://www.wowhead.com/tbc/guide/retribution-paladin-dps-bt-hyjal-phase-3-best-in-slot-gear-burning-crusade
Retribution Paladin,Human,Ashtongue Talisman of Zeal (32489) + Tsunami Talisman (30627),false,2258.89,0.00,https://www.wowhead.com/tbc/guide/retribution-paladin-dps-bt-hyjal-phase-3-best-in-slot-gear-burning-crusade
Retribution Paladin,Human,Madness of the Betrayer (32505) + Ashtongue Talisman of Zeal (32489),false,2256.04,0.00,https://www.wowhead.com/tbc/guide/retribution-paladin-dps-bt-hyjal-phase-3-best-in-slot-gear-burning-crusade
Retribution Paladin,Human,Ashtongue Talisman of Zeal (32489) + Hourglass of the Unraveller (28034),false,2251.21,0.00,https://www.wowhead.com/tbc/guide/retribution-paladin-dps-bt-hyjal-phase-3-best-in-slot-gear-burning-crusade
Retribution Paladin,Human,Bloodlust Brooch (29383) + Mark of the Champion (23206),false,2241.74,0.00,https://www.wowhead.com/tbc/guide/retribution-paladin-dps-bt-hyjal-phase-3-best-in-slot-gear-burning-crusade
Retribution Paladin,Human,Empty Mug of Direbrew (38287) + Mark of the Champion (23206),false,2241.74,0.00,https://www.wowhead.com/tbc/guide/retribution-paladin-dps-bt-hyjal-phase-3-best-in-slot-gear-burning-crusade
Retribution Paladin,Human,Abacus of Violent Odds (28288) + Mark of the Champion (23206),false,2239.17,0.00,https://www.wowhead.com/tbc/guide/retribution-paladin-dps-bt-hyjal-phase-3-best-in-slot-gear-burning-crusade
Retribution Paladin,Human,Tsunami Talisman (30627) + Mark of the Champion (23206),false,2229.28,0.00,https://www.wowhead.com/tbc/guide/retribution-paladin-dps-bt-hyjal-phase-3-best-in-slot-gear-burning-crusade
Retribution Paladin,Human,Madness of the Betrayer (32505) + Mark of the Champion (23206),false,2226.87,0.00,https://www.wowhead.com/tbc/guide/retribution-paladin-dps-bt-hyjal-phase-3-best-in-slot-gear-burning-crusade
Retribution Paladin,Human,Hourglass of the Unraveller (28034) + Mark of the Champion (23206),false,2221.71,0.00,https://www.wowhead.com/tbc/guide/retribution-paladin-dps-bt-hyjal-phase-3-best-in-slot-gear-burning-crusade
Retribution Paladin,Human,Ashtongue Talisman of Zeal (32489) + Mark of the Champion (23206),false,2211.96,0.00,https://www.wowhead.com/tbc/guide/retribution-paladin-dps-bt-hyjal-phase-3-best-in-slot-gear-burning-crusade
Survival Hunter,Night Elf,Dragonspine Trophy (28830) + Bloodlust Brooch (29383),true,2050.36,27.62,https://www.wowhead.com/tbc/guide/survival-hunter-dps-bt-hyjal-phase-3-best-in-slot-gear-burning-crusade
Survival Hunter,Night Elf,Dragonspine Trophy (28830) + Tsunami Talisman (30627),true,2047.54,27.64,https://www.wowhead.com/tbc/guide/survival-hunter-dps-bt-hyjal-phase-3-best-in-slot-gear-burning-crusade
Survival Hunter,Night Elf,Dragonspine Trophy (28830) + Abacus of Violent Odds (28288),true,2046.01,27.76,https://www.wowhead.com/tbc/guide/survival-hunter-dps-bt-hyjal-phase-3-best-in-slot-gear-burning-crusade
Survival Hunter,Night Elf,Dragonspine Trophy (28830) + Madness of the Betrayer (32505),true,2045.73,27.63,https://www.wowhead.com/tbc/guide/survival-hunter-dps-bt-hyjal-phase-3-best-in-slot-gear-burning-crusade
Survival Hunter,Night Elf,Dragonspine Trophy (28830) + Hourglass of the Unraveller (28034),true,2040.30,27.62,https://www.wowhead.com/tbc/guide/survival-hunter-dps-bt-hyjal-phase-3-best-in-slot-gear-burning-crusade
Survival Hunter,Night Elf,Dragonspine Trophy (28830) + Ashtongue Talisman of Swiftness (32487),true,2038.49,27.62,https://www.wowhead.com/tbc/guide/survival-hunter-dps-bt-hyjal-phase-3-best-in-slot-gear-burning-crusade
Survival Hunter,Night Elf,Dragonspine Trophy (28830) + Badge of the Swarmguard (21670),true,2025.38,27.60,https://www.wowhead.com/tbc/guide/survival-hunter-dps-bt-hyjal-phase-3-best-in-slot-gear-burning-crusade
Survival Hunter,Night Elf,Bloodlust Brooch (29383) + Abacus of Violent Odds (28288),false,2018.46,0.00,https://www.wowhead.com/tbc/guide/survival-hunter-dps-bt-hyjal-phase-3-best-in-slot-gear-burning-crusade
Survival Hunter,Night Elf,Bloodlust Brooch (29383) + Tsunami Talisman (30627),false,2017.94,0.00,https://www.wowhead.com/tbc/guide/survival-hunter-dps-bt-hyjal-phase-3-best-in-slot-gear-burning-crusade
Survival Hunter,Night Elf,Madness of the Betrayer (32505) + Bloodlust Brooch (29383),false,2014.98,0.00,https://www.wowhead.com/tbc/guide/survival-hunter-dps-bt-hyjal-phase-3-best-in-slot-gear-burning-crusade
Survival Hunter,Night Elf,Tsunami Talisman (30627) + Abacus of Violent Odds (28288),false,2013.81,0.00,https://www.wowhead.com/tbc/guide/survival-hunter-dps-bt-hyjal-phase-3-best-in-slot-gear-burning-crusade
Survival Hunter,Night Elf,Madness of the Betrayer (32505) + Tsunami Talisman (30627),false,2013.33,0.00,https://www.wowhead.com/tbc/guide/survival-hunter-dps-bt-hyjal-phase-3-best-in-slot-gear-burning-crusade
Survival Hunter,Night Elf,Madness of the Betrayer (32505) + Abacus of Violent Odds (28288),false,2011.41,0.00,https://www.wowhead.com/tbc/guide/survival-hunter-dps-bt-hyjal-phase-3-best-in-slot-gear-burning-crusade
Survival Hunter,Night Elf,Bloodlust Brooch (29383) + Hourglass of the Unraveller (28034),false,2010.73,0.00,https://www.wowhead.com/tbc/guide/survival-hunter-dps-bt-hyjal-phase-3-best-in-slot-gear-burning-crusade
Survival Hunter,Night Elf,Bloodlust Brooch (29383) + Ashtongue Talisman of Swiftness (32487),false,2009.01,0.00,https://www.wowhead.com/tbc/guide/survival-hunter-dps-bt-hyjal-phase-3-best-in-slot-gear-burning-crusade
Survival Hunter,Night Elf,Tsunami Talisman (30627) + Hourglass of the Unraveller (28034),false,2007.37,0.00,https://www.wowhead.com/tbc/guide/survival-hunter-dps-bt-hyjal-phase-3-best-in-slot-gear-burning-crusade
Survival Hunter,Night Elf,Ashtongue Talisman of Swiftness (32487) + Tsunami Talisman (30627),false,2007.10,0.00,https://www.wowhead.com/tbc/guide/survival-hunter-dps-bt-hyjal-phase-3-best-in-slot-gear-burning-crusade
Survival Hunter,Night Elf,Abacus of Violent Odds (28288) + Hourglass of the Unraveller (28034),false,2006.52,0.00,https://www.wowhead.com/tbc/guide/survival-hunter-dps-bt-hyjal-phase-3-best-in-slot-gear-burning-crusade
Survival Hunter,Night Elf,Madness of the Betrayer (32505) + Hourglass of the Unraveller (28034),false,2006.38,0.00,https://www.wowhead.com/tbc/guide/survival-hunter-dps-bt-hyjal-phase-3-best-in-slot-gear-burning-crusade
Survival Hunter,Night Elf,Ashtongue Talisman of Swiftness (32487) + Abacus of Violent Odds (28288),false,2004.84,0.00,https://www.wowhead.com/tbc/guide/survival-hunter-dps-bt-hyjal-phase-3-best-in-slot-gear-burning-crusade
Survival Hunter,Night Elf,Madness of the Betrayer (32505) + Ashtongue Talisman of Swiftness (32487),false,2004.02,0.00,https://www.wowhead.com/tbc/guide/survival-hunter-dps-bt-hyjal-phase-3-best-in-slot-gear-burning-crusade
Survival Hunter,Night Elf,Ashtongue Talisman of Swiftness (32487) + Hourglass of the Unraveller (28034),false,1999.07,0.00,https://www.wowhead.com/tbc/guide/survival-hunter-dps-bt-hyjal-phase-3-best-in-slot-gear-burning-crusade
Survival Hunter,Night Elf,Bloodlust Brooch (29383) + Badge of the Swarmguard (21670),false,1995.92,0.00,https://www.wowhead.com/tbc/guide/survival-hunter-dps-bt-hyjal-phase-3-best-in-slot-gear-burning-crusade
Survival Hunter,Night Elf,Tsunami Talisman (30627) + Badge of the Swarmguard (21670),false,1992.86,0.00,https://www.wowhead.com/tbc/guide/survival-hunter-dps-bt-hyjal-phase-3-best-in-slot-gear-burning-crusade
Survival Hunter,Night Elf,Abacus of Violent Odds (28288) + Badge of the Swarmguard (21670),false,1990.95,0.00,https://www.wowhead.com/tbc/guide/survival-hunter-dps-bt-hyjal-phase-3-best-in-slot-gear-burning-crusade
Survival Hunter,Night Elf,Madness of the Betrayer (32505) + Badge of the Swarmguard (21670),false,1990.86,0.00,https://www.wowhead.com/tbc/guide/survival-hunter-dps-bt-hyjal-phase-3-best-in-slot-gear-burning-crusade
Survival Hunter,Night Elf,Hourglass of the Unraveller (28034) + Badge of the Swarmguard (21670),false,1986.16,0.00,https://www.wowhead.com/tbc/guide/survival-hunter-dps-bt-hyjal-phase-3-best-in-slot-gear-burning-crusade
Survival Hunter,Night Elf,Ashtongue Talisman of Swiftness (32487) + Badge of the Swarmguard (21670),false,1984.28,0.00,https://www.wowhead.com/tbc/guide/survival-hunter-dps-bt-hyjal-phase-3-best-in-slot-gear-burning-crusade
